[
  {
      "id": 1,
      "level": "1",
      "time": "120",
      "Performance": "900",
      "P1": "800",
      "P2": "800",
      "P3": "800",
      "P4": "800"
  },
  {
      "id": 2,
      "level": "2",
      "time": "120",
      "Performance": "950",
      "P1": "800",
      "P2": "800",
      "P3": "800",
      "P4": "900"
  },
  {
      "id": 3,
      "level": "3",
      "time": "120",
      "Performance": "1000",
      "P1": "800",
      "P2": "800",
      "P3": "900",
      "P4": "900"
  },
  {
      "id": 4,
      "level": "4",
      "time": "120",
      "Performance": "1050",
      "P1": "800",
      "P2": "900",
      "P3": "900",
      "P4": "900"
  },
  {
      "id": 5,
      "level": "5",
      "time": "120",
      "Performance": "1100",
      "P1": "800",
      "P2": "900",
      "P3": "900",
      "P4": "1000"
  },
  {
      "id": 6,
      "level": "6",
      "time": "120",
      "Performance": "1125",
      "P1": "800",
      "P2": "900",
      "P3": "1000",
      "P4": "1000"
  },
  {
      "id": 7,
      "level": "7",
      "time": "120",
      "Performance": "1150",
      "P1": "800",
      "P2": "1000",
      "P3": "1000",
      "P4": "1000"
  },
  {
      "id": 8,
      "level": "8",
      "time": "120",
      "Performance": "1175",
      "P1": "800",
      "P2": "1000",
      "P3": "1000",
      "P4": "1100"
  },
  {
      "id": 9,
      "level": "9",
      "time": "120",
      "Performance": "1200",
      "P1": "800",
      "P2": "1000",
      "P3": "1100",
      "P4": "1100"
  },
  {
      "id": 10,
      "level": "10",
      "time": "120",
      "Performance": "1250",
      "P1": "800",
      "P2": "1000",
      "P3": "1100",
      "P4": "1200"
  },
  {
      "id": 11,
      "level": "11",
      "time": "120",
      "Performance": "1300",
      "P1": "800",
      "P2": "1000",
      "P3": "1200",
      "P4": "1200"
  },
  {
      "id": 12,
      "level": "12",
      "time": "120",
      "Performance": "1350",
      "P1": "800",
      "P2": "1000",
      "P3": "1200",
      "P4": "1300"
  },
  {
      "id": 13,
      "level": "13",
      "time": "120",
      "Performance": "1400",
      "P1": "800",
      "P2": "1000",
      "P3": "1200",
      "P4": "1400"
  },
  {
      "id": 14,
      "level": "14",
      "time": "120",
      "Performance": "1425",
      "P1": "900",
      "P2": "1000",
      "P3": "1200",
      "P4": "1400"
  },
  {
      "id": 15,
      "level": "15",
      "time": "120",
      "Performance": "1450",
      "P1": "900",
      "P2": "1100",
      "P3": "1200",
      "P4": "1400"
  },
  {
      "id": 16,
      "level": "16",
      "time": "120",
      "Performance": "1475",
      "P1": "900",
      "P2": "1100",
      "P3": "1300",
      "P4": "1400"
  },
  {
      "id": 17,
      "level": "17",
      "time": "120",
      "Performance": "1500",
      "P1": "900",
      "P2": "1100",
      "P3": "1300",
      "P4": "1500"
  },
  {
      "id": 18,
      "level": "18",
      "time": "120",
      "Performance": "1525",
      "P1": "1000",
      "P2": "1100",
      "P3": "1300",
      "P4": "1500"
  },
  {
      "id": 19,
      "level": "19",
      "time": "120",
      "Performance": "1550",
      "P1": "1000",
      "P2": "1200",
      "P3": "1300",
      "P4": "1500"
  },
  {
      "id": 20,
      "level": "20",
      "time": "120",
      "Performance": "1575",
      "P1": "1000",
      "P2": "1200",
      "P3": "1400",
      "P4": "1500"
  },
  {
      "id": 21,
      "level": "21",
      "time": "120",
      "Performance": "1600",
      "P1": "1000",
      "P2": "1200",
      "P3": "1400",
      "P4": "1600"
  },
  {
      "id": 22,
      "level": "22",
      "time": "120",
      "Performance": "1625",
      "P1": "1100",
      "P2": "1200",
      "P3": "1400",
      "P4": "1600"
  },
  {
      "id": 23,
      "level": "23",
      "time": "120",
      "Performance": "1650",
      "P1": "1100",
      "P2": "1300",
      "P3": "1400",
      "P4": "1600"
  },
  {
      "id": 24,
      "level": "24",
      "time": "120",
      "Performance": "1675",
      "P1": "1100",
      "P2": "1300",
      "P3": "1500",
      "P4": "1600"
  },
  {
      "id": 25,
      "level": "25",
      "time": "120",
      "Performance": "1700",
      "P1": "1100",
      "P2": "1300",
      "P3": "1500",
      "P4": "1700"
  },
  {
      "id": 26,
      "level": "26",
      "time": "120",
      "Performance": "1725",
      "P1": "1200",
      "P2": "1300",
      "P3": "1500",
      "P4": "1700"
  },
  {
      "id": 27,
      "level": "27",
      "time": "120",
      "Performance": "1750",
      "P1": "1200",
      "P2": "1400",
      "P3": "1500",
      "P4": "1700"
  },
  {
      "id": 28,
      "level": "28",
      "time": "120",
      "Performance": "1775",
      "P1": "1200",
      "P2": "1400",
      "P3": "1600",
      "P4": "1700"
  },
  {
      "id": 29,
      "level": "29",
      "time": "120",
      "Performance": "1800",
      "P1": "1200",
      "P2": "1400",
      "P3": "1600",
      "P4": "1800"
  },
  {
      "id": 30,
      "level": "30",
      "time": "120",
      "Performance": "1825",
      "P1": "1300",
      "P2": "1400",
      "P3": "1600",
      "P4": "1800"
  },
  {
      "id": 31,
      "level": "31",
      "time": "120",
      "Performance": "1850",
      "P1": "1300",
      "P2": "1500",
      "P3": "1600",
      "P4": "1800"
  },
  {
      "id": 32,
      "level": "32",
      "time": "120",
      "Performance": "1875",
      "P1": "1300",
      "P2": "1500",
      "P3": "1700",
      "P4": "1800"
  },
  {
      "id": 33,
      "level": "33",
      "time": "120",
      "Performance": "1900",
      "P1": "1300",
      "P2": "1500",
      "P3": "1700",
      "P4": "1900"
  },
  {
      "id": 34,
      "level": "34",
      "time": "120",
      "Performance": "1925",
      "P1": "1400",
      "P2": "1500",
      "P3": "1700",
      "P4": "1900"
  },
  {
      "id": 35,
      "level": "35",
      "time": "120",
      "Performance": "1950",
      "P1": "1400",
      "P2": "1600",
      "P3": "1700",
      "P4": "1900"
  },
  {
      "id": 36,
      "level": "36",
      "time": "120",
      "Performance": "1975",
      "P1": "1400",
      "P2": "1600",
      "P3": "1800",
      "P4": "1900"
  },
  {
      "id": 37,
      "level": "37",
      "time": "120",
      "Performance": "2000",
      "P1": "1400",
      "P2": "1600",
      "P3": "1800",
      "P4": "2000"
  },
  {
      "id": 38,
      "level": "38",
      "time": "120",
      "Performance": "2025",
      "P1": "1500",
      "P2": "1600",
      "P3": "1800",
      "P4": "2000"
  },
  {
      "id": 39,
      "level": "39",
      "time": "120",
      "Performance": "2050",
      "P1": "1500",
      "P2": "1700",
      "P3": "1800",
      "P4": "2000"
  },
  {
      "id": 40,
      "level": "40",
      "time": "120",
      "Performance": "2075",
      "P1": "1500",
      "P2": "1700",
      "P3": "1900",
      "P4": "2000"
  },
  {
      "id": 41,
      "level": "41",
      "time": "120",
      "Performance": "2100",
      "P1": "1500",
      "P2": "1700",
      "P3": "1900",
      "P4": "2100"
  },
  {
      "id": 42,
      "level": "42",
      "time": "120",
      "Performance": "2125",
      "P1": "1600",
      "P2": "1700",
      "P3": "1900",
      "P4": "2100"
  },
  {
      "id": 43,
      "level": "43",
      "time": "120",
      "Performance": "2150",
      "P1": "1600",
      "P2": "1800",
      "P3": "1900",
      "P4": "2100"
  },
  {
      "id": 44,
      "level": "44",
      "time": "120",
      "Performance": "2175",
      "P1": "1600",
      "P2": "1800",
      "P3": "2000",
      "P4": "2100"
  },
  {
      "id": 45,
      "level": "45",
      "time": "120",
      "Performance": "2200",
      "P1": "1600",
      "P2": "1800",
      "P3": "2000",
      "P4": "2200"
  },
  {
      "id": 46,
      "level": "46",
      "time": "120",
      "Performance": "2225",
      "P1": "1700",
      "P2": "1800",
      "P3": "2000",
      "P4": "2200"
  },
  {
      "id": 47,
      "level": "47",
      "time": "120",
      "Performance": "2250",
      "P1": "1700",
      "P2": "1900",
      "P3": "2000",
      "P4": "2200"
  },
  {
      "id": 48,
      "level": "48",
      "time": "120",
      "Performance": "2275",
      "P1": "1700",
      "P2": "1900",
      "P3": "2100",
      "P4": "2200"
  },
  {
      "id": 49,
      "level": "49",
      "time": "120",
      "Performance": "2300",
      "P1": "1700",
      "P2": "1900",
      "P3": "2100",
      "P4": "2300"
  },
  {
      "id": 50,
      "level": "50",
      "time": "120",
      "Performance": "2325",
      "P1": "1800",
      "P2": "1900",
      "P3": "2100",
      "P4": "2300"
  },
  {
      "id": 51,
      "level": "51",
      "time": "120",
      "Performance": "2350",
      "P1": "1800",
      "P2": "2000",
      "P3": "2100",
      "P4": "2300"
  },
  {
      "id": 52,
      "level": "52",
      "time": "120",
      "Performance": "2375",
      "P1": "1800",
      "P2": "2000",
      "P3": "2200",
      "P4": "2300"
  },
  {
      "id": 53,
      "level": "53",
      "time": "120",
      "Performance": "2400",
      "P1": "1800",
      "P2": "2000",
      "P3": "2200",
      "P4": "2400"
  },
  {
      "id": 54,
      "level": "54",
      "time": "120",
      "Performance": "2425",
      "P1": "1900",
      "P2": "2000",
      "P3": "2200",
      "P4": "2400"
  },
  {
      "id": 55,
      "level": "55",
      "time": "125",
      "Performance": "2450",
      "P1": "1900",
      "P2": "2100",
      "P3": "2200",
      "P4": "2400"
  },
  {
      "id": 56,
      "level": "56",
      "time": "125",
      "Performance": "2475",
      "P1": "1900",
      "P2": "2100",
      "P3": "2300",
      "P4": "2400"
  },
  {
      "id": 57,
      "level": "57",
      "time": "130",
      "Performance": "2500",
      "P1": "1900",
      "P2": "2100",
      "P3": "2300",
      "P4": "2500"
  },
  {
      "id": 58,
      "level": "58",
      "time": "130",
      "Performance": "2525",
      "P1": "2000",
      "P2": "2100",
      "P3": "2300",
      "P4": "2500"
  },
  {
      "id": 59,
      "level": "59",
      "time": "135",
      "Performance": "2550",
      "P1": "2000",
      "P2": "2200",
      "P3": "2300",
      "P4": "2500"
  },
  {
      "id": 60,
      "level": "60",
      "time": "135",
      "Performance": "2575",
      "P1": "2000",
      "P2": "2200",
      "P3": "2400",
      "P4": "2500"
  },
  {
      "id": 61,
      "level": "61",
      "time": "140",
      "Performance": "2600",
      "P1": "2000",
      "P2": "2200",
      "P3": "2400",
      "P4": "2600"
  },
  {
      "id": 62,
      "level": "62",
      "time": "140",
      "Performance": "2625",
      "P1": "2100",
      "P2": "2200",
      "P3": "2400",
      "P4": "2600"
  },
  {
      "id": 63,
      "level": "63",
      "time": "145",
      "Performance": "2650",
      "P1": "2100",
      "P2": "2300",
      "P3": "2400",
      "P4": "2600"
  },
  {
      "id": 64,
      "level": "64",
      "time": "145",
      "Performance": "2675",
      "P1": "2100",
      "P2": "2300",
      "P3": "2500",
      "P4": "2600"
  },
  {
      "id": 65,
      "level": "65",
      "time": "150",
      "Performance": "2700",
      "P1": "2100",
      "P2": "2300",
      "P3": "2500",
      "P4": "2700"
  },
  {
      "id": 66,
      "level": "66",
      "time": "150",
      "Performance": "2725",
      "P1": "2200",
      "P2": "2300",
      "P3": "2500",
      "P4": "2700"
  },
  {
      "id": 67,
      "level": "67",
      "time": "155",
      "Performance": "2750",
      "P1": "2200",
      "P2": "2400",
      "P3": "2500",
      "P4": "2700"
  },
  {
      "id": 68,
      "level": "68",
      "time": "155",
      "Performance": "2775",
      "P1": "2200",
      "P2": "2400",
      "P3": "2600",
      "P4": "2700"
  },
  {
      "id": 69,
      "level": "69",
      "time": "160",
      "Performance": "2800",
      "P1": "2200",
      "P2": "2400",
      "P3": "2600",
      "P4": "2800"
  },
  {
      "id": 70,
      "level": "70",
      "time": "160",
      "Performance": "2825",
      "P1": "2300",
      "P2": "2400",
      "P3": "2600",
      "P4": "2800"
  },
  {
      "id": 71,
      "level": "71",
      "time": "165",
      "Performance": "2850",
      "P1": "2300",
      "P2": "2500",
      "P3": "2600",
      "P4": "2800"
  },
  {
      "id": 72,
      "level": "72",
      "time": "165",
      "Performance": "2875",
      "P1": "2300",
      "P2": "2500",
      "P3": "2700",
      "P4": "2800"
  },
  {
      "id": 73,
      "level": "73",
      "time": "170",
      "Performance": "2900",
      "P1": "2300",
      "P2": "2500",
      "P3": "2700",
      "P4": "2900"
  },
  {
      "id": 74,
      "level": "74",
      "time": "170",
      "Performance": "2925",
      "P1": "2400",
      "P2": "2500",
      "P3": "2700",
      "P4": "2900"
  },
  {
      "id": 75,
      "level": "75",
      "time": "175",
      "Performance": "2950",
      "P1": "2400",
      "P2": "2600",
      "P3": "2700",
      "P4": "2900"
  },
  {
      "id": 76,
      "level": "76",
      "time": "175",
      "Performance": "2975",
      "P1": "2400",
      "P2": "2600",
      "P3": "2800",
      "P4": "2900"
  },
  {
      "id": 77,
      "level": "77",
      "time": "180",
      "Performance": "3000",
      "P1": "2400",
      "P2": "2600",
      "P3": "2800",
      "P4": "3000"
  },
  {
      "id": 78,
      "level": "78",
      "time": "180",
      "Performance": "3025",
      "P1": "2500",
      "P2": "2600",
      "P3": "2800",
      "P4": "3000"
  },
  {
      "id": 79,
      "level": "79",
      "time": "180",
      "Performance": "3050",
      "P1": "2500",
      "P2": "2700",
      "P3": "2800",
      "P4": "3000"
  },
  {
      "id": 80,
      "level": "80",
      "time": "180",
      "Performance": "3075",
      "P1": "2500",
      "P2": "2700",
      "P3": "2900",
      "P4": "3000"
  },
  {
      "id": 81,
      "level": "81",
      "time": "180",
      "Performance": "3100",
      "P1": "2500",
      "P2": "2700",
      "P3": "2900",
      "P4": "3100"
  },
  {
      "id": 82,
      "level": "82",
      "time": "180",
      "Performance": "3125",
      "P1": "2600",
      "P2": "2700",
      "P3": "2900",
      "P4": "3100"
  },
  {
      "id": 83,
      "level": "83",
      "time": "180",
      "Performance": "3150",
      "P1": "2600",
      "P2": "2800",
      "P3": "2900",
      "P4": "3100"
  },
  {
      "id": 84,
      "level": "84",
      "time": "180",
      "Performance": "3175",
      "P1": "2600",
      "P2": "2800",
      "P3": "3000",
      "P4": "3100"
  },
  {
      "id": 85,
      "level": "85",
      "time": "180",
      "Performance": "3200",
      "P1": "2600",
      "P2": "2800",
      "P3": "3000",
      "P4": "3200"
  },
  {
      "id": 86,
      "level": "86",
      "time": "180",
      "Performance": "3225",
      "P1": "2700",
      "P2": "2800",
      "P3": "3000",
      "P4": "3200"
  },
  {
      "id": 87,
      "level": "87",
      "time": "180",
      "Performance": "3250",
      "P1": "2700",
      "P2": "2900",
      "P3": "3000",
      "P4": "3200"
  },
  {
      "id": 88,
      "level": "88",
      "time": "180",
      "Performance": "3275",
      "P1": "2700",
      "P2": "2900",
      "P3": "3100",
      "P4": "3200"
  },
  {
      "id": 89,
      "level": "89",
      "time": "180",
      "Performance": "3300",
      "P1": "2700",
      "P2": "2900",
      "P3": "3100",
      "P4": "3300"
  },
  {
      "id": 90,
      "level": "90",
      "time": "180",
      "Performance": "3325",
      "P1": "2800",
      "P2": "2900",
      "P3": "3100",
      "P4": "3300"
  },
  {
      "id": 91,
      "level": "91",
      "time": "180",
      "Performance": "3350",
      "P1": "2800",
      "P2": "3000",
      "P3": "3100",
      "P4": "3300"
  },
  {
      "id": 92,
      "level": "92",
      "time": "180",
      "Performance": "3375",
      "P1": "2800",
      "P2": "3000",
      "P3": "3200",
      "P4": "3300"
  },
  {
      "id": 93,
      "level": "93",
      "time": "180",
      "Performance": "3400",
      "P1": "2800",
      "P2": "3000",
      "P3": "3200",
      "P4": "3400"
  },
  {
      "id": 94,
      "level": "94",
      "time": "180",
      "Performance": "3425",
      "P1": "2900",
      "P2": "3000",
      "P3": "3200",
      "P4": "3400"
  },
  {
      "id": 95,
      "level": "95",
      "time": "180",
      "Performance": "3450",
      "P1": "2900",
      "P2": "3100",
      "P3": "3200",
      "P4": "3400"
  },
  {
      "id": 96,
      "level": "96",
      "time": "180",
      "Performance": "3475",
      "P1": "2900",
      "P2": "3100",
      "P3": "3300",
      "P4": "3400"
  },
  {
      "id": 97,
      "level": "97",
      "time": "180",
      "Performance": "3500",
      "P1": "2900",
      "P2": "3100",
      "P3": "3300",
      "P4": "3500"
  },
  {
      "id": 98,
      "level": "98",
      "time": "180",
      "Performance": "3550",
      "P1": "3000",
      "P2": "3100",
      "P3": "3300",
      "P4": "3500"
  },
  {
      "id": 99,
      "level": "99",
      "time": "180",
      "Performance": "3600",
      "P1": "3100",
      "P2": "3100",
      "P3": "3300",
      "P4": "3500"
  },
  {
      "id": 100,
      "level": "100",
      "time": "180",
      "Performance": "3650",
      "P1": "3100",
      "P2": "3200",
      "P3": "3300",
      "P4": "3500"
  },
  {
      "id": 101,
      "level": "101",
      "time": "180",
      "Performance": "3700",
      "P1": "3200",
      "P2": "3200",
      "P3": "3300",
      "P4": "3500"
  },
  {
      "id": 102,
      "level": "102",
      "time": "180",
      "Performance": "3725",
      "P1": "3200",
      "P2": "3300",
      "P3": "3300",
      "P4": "3500"
  },
  {
      "id": 103,
      "level": "103",
      "time": "180",
      "Performance": "3750",
      "P1": "3300",
      "P2": "3300",
      "P3": "3300",
      "P4": "3500"
  },
  {
      "id": 104,
      "level": "104",
      "time": "180",
      "Performance": "3775",
      "P1": "3300",
      "P2": "3300",
      "P3": "3400",
      "P4": "3500"
  },
  {
      "id": 105,
      "level": "105",
      "time": "180",
      "Performance": "3800",
      "P1": "3300",
      "P2": "3400",
      "P3": "3400",
      "P4": "3500"
  },
  {
      "id": 106,
      "level": "106",
      "time": "180",
      "Performance": "3850",
      "P1": "3400",
      "P2": "3400",
      "P3": "3400",
      "P4": "3500"
  },
  {
      "id": 107,
      "level": "107",
      "time": "180",
      "Performance": "3900",
      "P1": "3400",
      "P2": "3400",
      "P3": "3500",
      "P4": "3500"
  },
  {
      "id": 108,
      "level": "108",
      "time": "180",
      "Performance": "3950",
      "P1": "3400",
      "P2": "3500",
      "P3": "3500",
      "P4": "3500"
  },
  {
      "id": 109,
      "level": "109",
      "time": "180",
      "Performance": "4000",
      "P1": "3500",
      "P2": "3500",
      "P3": "3500",
      "P4": "3500"
  }
]